account_id,account_name,industry,country,signup_date,referral_source,plan_tier,total_mrr,total_arr,avg_mrr,avg_seats,active_days,total_usage,avg_usage,total_tickets,avg_resolution_time_hours,avg_first_response_time_minutes,churn_flag
A-2e4581,Company_0,EdTech,US,2024-10-16,partner,Basic,12603,151236,1260.3,31.2,72,535,9.727272727272727,2,23,91,1
A-43a9e3,Company_1,FinTech,IN,2023-08-17,other,Basic,10004,120048,1250.5,22.0,468,355,10.142857142857142,3,38,73,0
A-0a282f,Company_2,DevTools,US,2024-08-27,organic,Basic,18286,219432,1219.0666666666666,18.8,122,821,9.891566265060241,3,43,63,1
A-1f0ac7,Company_3,HealthTech,UK,2023-08-27,other,Basic,9275,111300,1325.0,29.857142857142858,393,382,9.317073170731707,2,29,174,1
A-ce550d,Company_4,HealthTech,US,2024-10-27,event,Enterprise,48761,585132,5417.888888888889,47.111111111111114,64,579,9.982758620689655,7,42,107,1
A-1b9609,Company_5,EdTech,IN,2023-10-12,ads,Enterprise,16810,201720,1528.1818181818182,19.545454545454547,396,457,9.72340425531915,4,43,74,1
A-a0ca4e,Company_6,Cybersecurity,US,2024-03-08,ads,Pro,16633,199596,1848.111111111111,19.555555555555557,290,373,9.564102564102564,6,39,89,0
A-e5d6ab,Company_7,EdTech,US,2023-04-15,partner,Pro,13048,156576,1304.8,18.9,600,382,9.317073170731707,3,42,57,1
A-7dacce,Company_8,Cybersecurity,CA,2024-09-10,event,Enterprise,23057,276684,2305.7,21.6,112,472,9.833333333333334,4,32,75,1
A-10b8da,Company_9,DevTools,US,2023-05-08,partner,Enterprise,8787,105444,1464.5,19.333333333333332,599,257,9.518518518518519,3,31,71,0
A-592832,Company_10,Cybersecurity,US,2024-09-25,organic,Basic,32571,390852,1714.2631578947369,27.63157894736842,96,1053,10.425742574257425,3,32,80,1
A-d40bf7,Company_11,FinTech,IN,2024-11-08,organic,Basic,43247,518964,4324.7,59.0,52,562,10.218181818181819,2,20,125,0
A-6c093d,Company_12,DevTools,US,2023-04-14,partner,Basic,16242,194904,1353.5,19.75,611,670,10.46875,3,40,68,0
A-462d45,Company_13,Cybersecurity,US,2024-01-15,partner,Enterprise,23432,281184,1952.6666666666667,37.25,350,642,9.304347826086957,4,26,95,1
A-956988,Company_14,EdTech,UK,2024-11-30,ads,Enterprise,29407,352884,2262.076923076923,29.76923076923077,30,658,9.4,2,50,118,1
A-ac14bb,Company_15,FinTech,US,2023-09-08,partner,Enterprise,27746,332952,3468.25,31.25,461,531,9.833333333333334,2,24,30,1
A-463db0,Company_16,HealthTech,US,2024-12-05,partner,Basic,13266,159192,1895.142857142857,24.857142857142858,22,367,9.91891891891892,6,50,94,1
A-ce66f8,Company_17,EdTech,CA,2023-08-23,event,Pro,11858,142296,1976.3333333333333,30.333333333333332,495,494,10.73913043478261,6,41,79,0
A-c4ea60,Company_18,FinTech,DE,2023-03-09,other,Enterprise,14646,175752,1627.3333333333333,25.77777777777778,630,427,9.930232558139535,5,36,59,0
A-832ec2,Company_19,FinTech,UK,2023-11-19,event,Enterprise,9299,111588,1162.375,16.5,364,511,10.428571428571429,3,26,108,1
A-684255,Company_20,FinTech,US,2024-04-14,ads,Enterprise,11844,142128,846.0,14.928571428571429,261,653,9.893939393939394,4,14,97,1
A-c42f1f,Company_21,HealthTech,US,2024-07-28,other,Pro,5175,62100,646.875,13.125,156,337,9.628571428571428,9,31,81,0
A-4e44e8,Company_22,DevTools,US,2024-08-20,ads,Enterprise,36445,437340,2603.214285714286,24.857142857142858,130,687,9.956521739130435,3,31,76,1
A-30b4ca,Company_23,EdTech,IN,2024-05-20,organic,Basic,75938,911256,9492.25,86.0,221,402,9.571428571428571,3,57,108,1
A-9f2731,Company_24,FinTech,IN,2024-10-04,event,Enterprise,3613,43356,516.1428571428571,24.0,80,324,10.125,0,0,0,1
A-32fb14,Company_25,DevTools,US,2023-03-07,event,Enterprise,10162,121944,1129.111111111111,29.333333333333332,532,488,10.382978723404255,5,34,59,1
A-00cac8,Company_26,HealthTech,AU,2023-09-15,organic,Enterprise,14121,169452,1569.0,15.333333333333334,472,602,10.379310344827585,2,33,120,0
A-35083d,Company_27,HealthTech,IN,2023-04-28,partner,Basic,32433,389196,2027.0625,25.8125,577,791,10.98611111111111,4,49,119,0
A-eb7fac,Company_28,DevTools,US,2023-10-28,organic,Enterprise,42096,505152,4209.6,32.4,371,538,10.150943396226415,4,34,126,1
A-b20d99,Company_29,HealthTech,IN,2023-09-27,other,Basic,11069,132828,1581.2857142857142,23.0,340,329,9.969696969696969,2,61,27,1
A-396e5f,Company_30,Cybersecurity,CA,2024-10-02,other,Enterprise,10236,122832,1023.6,17.6,90,540,9.818181818181818,5,24,102,1
A-45ce7a,Company_31,FinTech,US,2023-07-23,ads,Enterprise,8216,98592,1173.7142857142858,17.142857142857142,501,424,10.871794871794872,5,45,91,0
A-08e34e,Company_32,EdTech,US,2024-06-27,event,Basic,21821,261852,1983.7272727272727,31.09090909090909,183,651,10.333333333333334,3,43,84,1
A-8145a0,Company_33,Cybersecurity,AU,2023-04-25,partner,Basic,17260,207120,1438.3333333333333,16.416666666666668,512,693,10.828125,6,23,90,1
A-bad8c1,Company_34,FinTech,AU,2023-03-01,organic,Basic,7797,93564,1113.857142857143,31.857142857142858,568,385,10.405405405405405,1,27,49,1
A-44dc83,Company_35,EdTech,FR,2024-05-12,other,Basic,456,5472,114.0,22.75,197,248,10.333333333333334,7,40,76,1
A-f446b6,Company_36,DevTools,DE,2023-05-12,ads,Pro,11392,136704,1265.7777777777778,16.444444444444443,583,376,9.64102564102564,8,30,82,0
A-a45270,Company_37,HealthTech,US,2024-06-24,ads,Enterprise,20131,241572,1677.5833333333333,23.25,172,733,10.32394366197183,4,64,110,1
A-854864,Company_38,FinTech,IN,2024-12-07,event,Enterprise,14759,177108,2459.8333333333335,31.833333333333332,22,248,10.333333333333334,5,44,100,1
A-1b7577,Company_39,Cybersecurity,US,2024-10-27,other,Pro,8771,105252,797.3636363636364,17.545454545454547,64,647,10.435483870967742,5,27,109,0
A-05f0e5,Company_40,FinTech,US,2023-05-04,partner,Basic,51109,613308,4259.083333333333,45.083333333333336,569,706,10.537313432835822,4,20,108,1
A-9077b0,Company_41,HealthTech,US,2024-08-25,ads,Basic,3565,42780,509.2857142857143,17.142857142857142,127,493,10.717391304347826,3,40,136,0
A-7f8241,Company_42,EdTech,US,2023-03-14,organic,Pro,39516,474192,2634.4,35.86666666666667,645,734,9.532467532467532,1,36,135,0
A-2bc93d,Company_43,HealthTech,US,2023-03-14,event,Basic,32394,388728,2491.846153846154,29.23076923076923,531,666,9.940298507462687,2,12,78,1
A-f3ff05,Company_44,FinTech,IN,2024-07-06,other,Enterprise,19465,233580,1497.3076923076924,15.923076923076923,152,672,10.181818181818182,3,42,111,1
A-2d4502,Company_45,FinTech,IN,2024-04-29,event,Basic,29071,348852,2907.1,29.6,245,465,9.893617021276595,3,26,82,1
A-6a4e2d,Company_46,EdTech,UK,2023-04-07,partner,Pro,10394,124728,944.9090909090909,23.818181818181817,582,597,10.11864406779661,2,18,141,1
A-eb7c38,Company_47,DevTools,AU,2024-02-25,organic,Enterprise,38210,458520,2547.3333333333335,28.8,264,693,9.9,5,22,67,1
A-c37601,Company_48,EdTech,US,2024-10-31,partner,Basic,20475,245700,1706.25,15.916666666666666,60,489,10.1875,4,42,83,1
A-3b5cd1,Company_49,FinTech,US,2023-09-12,event,Basic,23676,284112,1821.2307692307693,20.923076923076923,458,523,10.057692307692308,5,27,46,1
A-b2225d,Company_50,FinTech,US,2024-03-08,ads,Basic,19088,229056,1590.6666666666667,47.25,273,696,9.534246575342467,2,42,38,1
A-94f8c9,Company_51,HealthTech,US,2024-03-29,other,Basic,31989,383868,1999.3125,19.8125,270,746,9.688311688311689,3,47,87,1
A-02fac6,Company_52,FinTech,US,2023-04-06,event,Pro,26410,316920,2400.909090909091,25.454545454545453,437,514,9.69811320754717,6,23,100,1
A-c1dfe1,Company_53,DevTools,DE,2023-08-07,ads,Pro,25790,309480,3223.75,28.75,432,375,9.615384615384615,3,50,93,1
A-32728c,Company_54,DevTools,US,2023-01-03,event,Pro,4498,53976,562.25,22.75,637,418,10.195121951219512,2,34,61,1
A-4c38bc,Company_55,HealthTech,UK,2024-03-09,event,Basic,48060,576720,3003.75,36.0,289,818,10.098765432098766,3,48,43,0
A-1b707d,Company_56,Cybersecurity,US,2023-07-14,organic,Enterprise,9332,111984,1166.5,16.25,413,399,10.5,3,42,75,1
A-6f8ad2,Company_57,EdTech,IN,2024-07-09,organic,Basic,25928,311136,1525.1764705882354,23.58823529411765,162,924,10.5,4,35,37,0
A-4d1e75,Company_58,DevTools,US,2024-08-21,other,Basic,31390,376680,2414.6153846153848,30.23076923076923,115,477,9.352941176470589,2,15,98,1
A-9ee962,Company_59,HealthTech,US,2023-02-28,ads,Basic,9420,113040,1046.6666666666667,15.333333333333334,557,439,11.256410256410257,3,37,69,1
A-378b99,Company_60,EdTech,UK,2024-09-01,ads,Pro,12116,145392,1009.6666666666666,22.666666666666668,112,565,9.741379310344827,6,28,78,1
A-94d3da,Company_61,HealthTech,US,2023-05-03,other,Basic,22673,272076,1889.4166666666667,41.0,577,464,9.666666666666666,6,26,80,1
A-e351e1,Company_62,EdTech,US,2024-09-26,other,Enterprise,3498,41976,699.6,33.0,95,295,10.172413793103448,4,17,65,1
A-9badbd,Company_63,Cybersecurity,DE,2024-06-19,ads,Enterprise,32477,389724,2498.230769230769,34.92307692307692,185,729,10.414285714285715,5,30,102,0
A-7e0a10,Company_64,FinTech,US,2023-11-18,ads,Enterprise,41116,493392,4111.6,48.4,398,511,10.22,5,39,62,1
A-118d55,Company_65,Cybersecurity,US,2024-10-22,organic,Basic,23919,287028,1993.25,16.75,66,599,9.983333333333333,5,24,56,1
A-526d93,Company_66,HealthTech,FR,2024-04-14,organic,Basic,39201,470412,4355.666666666667,43.888888888888886,256,565,10.089285714285714,5,51,134,1
A-f92792,Company_67,FinTech,US,2024-07-04,ads,Pro,18807,225684,1343.357142857143,14.428571428571429,177,528,9.962264150943396,2,45,82,1
A-84ebe4,Company_68,FinTech,US,2023-03-12,ads,Pro,27994,335928,2544.909090909091,29.636363636363637,601,396,9.428571428571429,4,29,135,1
A-5b4ebb,Company_69,Cybersecurity,UK,2024-07-10,other,Basic,27803,333636,2138.6923076923076,28.307692307692307,173,692,9.885714285714286,5,35,63,0
A-2922b6,Company_70,HealthTech,US,2024-11-14,organic,Basic,10669,128028,1778.1666666666667,25.166666666666668,26,393,10.621621621621621,2,15,103,1
A-9b9fe9,Company_71,EdTech,AU,2023-09-28,other,Basic,19725,236700,1643.75,27.583333333333332,442,597,10.293103448275861,4,33,156,1
A-a8b49c,Company_72,Cybersecurity,UK,2023-10-06,partner,Basic,11567,138804,963.9166666666666,14.833333333333334,444,545,10.092592592592593,1,72,105,1
A-9174e0,Company_73,Cybersecurity,US,2024-12-04,partner,Basic,53976,647712,3598.4,40.6,25,689,9.985507246376812,2,39,167,0
A-a1bbb6,Company_74,DevTools,CA,2023-04-05,organic,Basic,14402,172824,1800.25,14.125,624,366,9.891891891891891,3,17,120,0
A-c45b23,Company_75,FinTech,UK,2023-12-08,partner,Basic,8504,102048,708.6666666666666,10.916666666666666,368,581,9.847457627118644,3,36,51,1
A-02cd81,Company_76,HealthTech,IN,2024-03-28,other,Basic,32956,395472,2354.0,44.0,278,684,9.5,3,17,84,1
A-ee42db,Company_77,EdTech,DE,2023-04-25,ads,Enterprise,11567,138804,963.9166666666666,26.25,610,511,9.462962962962964,4,33,98,1
A-432483,Company_78,Cybersecurity,US,2023-02-06,ads,Pro,25813,309756,2868.1111111111113,21.22222222222222,639,451,10.022222222222222,1,51,128,0
A-9208f0,Company_79,EdTech,US,2023-05-11,organic,Pro,3511,42132,438.875,19.125,596,538,10.150943396226415,8,41,59,1
A-98a59a,Company_80,FinTech,UK,2023-08-04,partner,Enterprise,36456,437472,3645.6,65.2,486,455,10.340909090909092,3,37,74,1
A-fe79a5,Company_81,HealthTech,IN,2024-02-21,ads,Basic,13532,162384,1353.2,11.4,304,335,10.151515151515152,4,28,61,0
A-726cfa,Company_82,DevTools,US,2023-07-01,partner,Pro,34782,417384,1830.6315789473683,21.05263157894737,535,993,10.13265306122449,3,35,128,1
A-c43359,Company_83,FinTech,US,2024-11-16,organic,Pro,12312,147744,1539.0,38.0,43,461,9.808510638297872,3,26,107,1
A-271f46,Company_84,DevTools,US,2023-02-09,event,Pro,19604,235248,2450.5,39.0,643,373,9.81578947368421,1,36,79,1
A-157070,Company_85,FinTech,US,2023-11-09,ads,Pro,27506,330072,1719.125,24.75,385,696,9.80281690140845,3,42,118,1
A-40a557,Company_86,Cybersecurity,AU,2023-12-03,partner,Pro,23324,279888,2591.5555555555557,21.555555555555557,355,402,10.307692307692308,7,30,94,1
A-66224b,Company_87,HealthTech,US,2024-10-18,other,Pro,69184,830208,5765.333333333333,93.58333333333333,72,626,10.262295081967213,6,39,82,0
A-91e948,Company_88,EdTech,AU,2023-01-29,partner,Basic,21894,262728,3127.714285714286,41.0,505,404,10.1,0,0,0,0
A-104f1a,Company_89,Cybersecurity,US,2024-08-17,other,Pro,12617,151404,1577.125,42.25,120,438,9.954545454545455,5,33,50,1
A-7988d1,Company_90,Cybersecurity,US,2023-12-20,other,Basic,10692,128304,1188.0,39.55555555555556,294,449,9.76086956521739,3,35,65,1
A-faa28c,Company_91,HealthTech,US,2024-01-30,organic,Enterprise,58404,700848,4171.714285714285,49.285714285714285,330,585,9.915254237288135,4,52,115,1
A-f25509,Company_92,EdTech,US,2024-03-22,other,Enterprise,16122,193464,3224.4,40.0,217,229,9.956521739130435,6,42,116,1
A-3a7284,Company_93,FinTech,US,2024-11-17,organic,Enterprise,35519,426228,2959.9166666666665,36.0,33,609,10.15,3,56,104,1
A-3a5ad8,Company_94,HealthTech,US,2023-12-05,organic,Enterprise,28701,344412,2207.769230769231,25.23076923076923,379,506,9.73076923076923,4,44,53,0
A-65a46c,Company_95,HealthTech,US,2023-11-04,event,Pro,22675,272100,2834.375,31.0,301,370,9.736842105263158,8,45,91,0
A-8b25f2,Company_96,Cybersecurity,US,2024-02-17,ads,Pro,14048,168576,1080.6153846153845,16.0,316,565,10.462962962962964,2,35,50,0
A-fabe19,Company_97,DevTools,UK,2024-11-11,ads,Enterprise,20497,245964,2928.1428571428573,19.571428571428573,38,337,10.212121212121213,3,40,38,0
A-adc1f3,Company_98,Cybersecurity,US,2024-08-05,organic,Pro,26608,319296,2956.4444444444443,17.555555555555557,143,334,9.277777777777779,3,47,65,0
A-503d5a,Company_99,FinTech,US,2023-10-21,other,Enterprise,17884,214608,1490.3333333333333,20.583333333333332,437,605,10.254237288135593,9,36,81,0
A-fd7ad3,Company_100,Cybersecurity,US,2024-11-01,event,Enterprise,3831,45972,383.1,11.5,59,567,10.125,8,48,98,1
A-186a44,Company_101,HealthTech,US,2023-08-07,ads,Enterprise,20989,251868,1499.2142857142858,22.214285714285715,496,614,10.065573770491802,7,38,110,0
A-e888d1,Company_102,Cybersecurity,US,2023-03-28,other,Pro,13646,163752,1240.5454545454545,22.727272727272727,600,552,10.615384615384615,5,43,104,1
A-69fad4,Company_103,FinTech,UK,2023-04-06,ads,Basic,8721,104652,1245.857142857143,16.0,526,412,10.564102564102564,4,43,116,1
A-9289f6,Company_104,EdTech,US,2023-05-31,event,Enterprise,13096,157152,1091.3333333333333,21.666666666666668,546,642,9.441176470588236,6,37,70,1
A-f19409,Company_105,DevTools,US,2023-03-16,other,Basic,34136,409632,2844.6666666666665,28.5,619,659,10.629032258064516,3,6,103,1
A-22f2df,Company_106,DevTools,US,2024-12-14,ads,Basic,7451,89412,827.8888888888889,17.22222222222222,15,429,10.214285714285714,5,44,71,0
A-039727,Company_107,EdTech,AU,2024-11-02,organic,Pro,36420,437040,2428.0,27.933333333333334,54,768,10.378378378378379,0,0,0,1
A-2e3bad,Company_108,FinTech,CA,2023-08-13,other,Pro,45872,550464,4587.2,61.0,500,435,9.666666666666666,5,31,107,1
A-484819,Company_109,HealthTech,US,2023-02-21,organic,Pro,20604,247248,2575.5,19.5,677,336,10.181818181818182,5,33,139,1
A-425e76,Company_110,DevTools,UK,2023-05-17,other,Enterprise,17111,205332,1555.5454545454545,24.454545454545453,559,438,9.125,5,48,119,1
A-e83938,Company_111,DevTools,UK,2023-11-21,other,Pro,7503,90036,937.875,16.25,327,266,8.580645161290322,4,31,72,1
A-ad296b,Company_112,DevTools,AU,2024-07-15,event,Pro,18430,221160,3071.6666666666665,38.0,161,294,9.483870967741936,3,28,83,0
A-e51ec7,Company_113,FinTech,CA,2023-09-23,partner,Enterprise,24076,288912,3009.5,16.75,400,417,10.425,3,37,93,1
A-0aaf6e,Company_114,FinTech,US,2024-05-11,organic,Enterprise,24084,289008,2676.0,23.88888888888889,198,599,10.508771929824562,5,45,75,0
A-e61e98,Company_115,FinTech,US,2023-10-20,partner,Enterprise,13484,161808,1498.2222222222222,26.444444444444443,422,527,9.410714285714286,6,30,88,1
A-92a333,Company_116,FinTech,US,2023-03-24,event,Enterprise,10659,127908,1776.5,23.5,515,364,10.11111111111111,4,23,58,0
A-95b24a,Company_117,FinTech,US,2023-06-06,event,Pro,25034,300408,2275.818181818182,39.27272727272727,536,611,9.85483870967742,5,21,90,0
A-42e5e1,Company_118,DevTools,US,2024-07-09,ads,Pro,8916,106992,1273.7142857142858,18.428571428571427,163,411,10.024390243902438,3,29,81,1
A-7d514c,Company_119,HealthTech,DE,2024-02-03,organic,Enterprise,24274,291288,2697.1111111111113,22.22222222222222,322,502,10.458333333333334,3,33,49,0
A-65aeb5,Company_120,DevTools,US,2024-01-25,partner,Pro,34392,412704,2866.0,19.75,333,533,9.690909090909091,2,42,159,1
A-e2cd1b,Company_121,DevTools,US,2024-02-04,other,Enterprise,12548,150576,1394.2222222222222,33.55555555555556,313,465,9.489795918367347,5,37,76,0
A-180abf,Company_122,DevTools,US,2023-08-14,event,Pro,37312,447744,4145.777777777777,64.0,472,499,10.395833333333334,3,36,62,1
A-f17767,Company_123,DevTools,US,2023-01-30,event,Enterprise,16139,193668,1152.7857142857142,13.642857142857142,685,713,10.333333333333334,3,36,115,1
A-5a184f,Company_124,DevTools,DE,2023-06-19,other,Enterprise,20683,248196,2068.3,26.6,488,587,10.298245614035087,3,15,42,1
A-7df7a7,Company_125,DevTools,US,2023-01-28,organic,Basic,29155,349860,1943.6666666666667,19.266666666666666,695,922,10.131868131868131,3,28,93,1
A-1ac5e0,Company_126,DevTools,US,2024-10-20,event,Basic,18249,218988,1824.9,33.0,68,558,9.964285714285714,7,40,76,0
A-52dd88,Company_127,Cybersecurity,US,2023-02-21,ads,Pro,16592,199104,1508.3636363636363,24.636363636363637,646,516,10.32,1,72,111,0
A-bece89,Company_128,Cybersecurity,IN,2023-12-01,event,Pro,19250,231000,3208.3333333333335,28.333333333333332,348,176,9.263157894736842,4,32,103,1
A-029f69,Company_129,Cybersecurity,CA,2024-03-07,event,Basic,14638,175656,914.875,13.75,236,789,9.392857142857142,2,42,108,1
A-5c046d,Company_130,EdTech,FR,2024-07-06,partner,Basic,83886,1006632,10485.75,93.0,161,475,10.326086956521738,1,13,128,0
A-fb186e,Company_131,EdTech,IN,2024-10-27,organic,Basic,5771,69252,1923.6666666666667,30.333333333333332,45,207,10.35,6,26,81,0
A-ae052e,Company_132,FinTech,CA,2023-09-11,other,Basic,7693,92316,1282.1666666666667,39.166666666666664,344,300,10.344827586206897,4,31,60,1
A-9f9299,Company_133,FinTech,US,2023-09-02,organic,Enterprise,42403,508836,2826.866666666667,30.466666666666665,403,830,9.764705882352942,5,36,116,1
A-96e141,Company_134,DevTools,UK,2023-08-12,partner,Basic,15468,185616,2209.714285714286,24.571428571428573,444,346,9.61111111111111,5,32,68,1
A-117171,Company_135,HealthTech,FR,2024-09-12,organic,Basic,12015,144180,2403.0,45.0,90,208,9.904761904761905,6,32,68,1
A-313be3,Company_136,EdTech,US,2023-11-15,partner,Enterprise,19006,228072,1727.8181818181818,47.81818181818182,402,560,9.824561403508772,4,22,80,1
A-671f31,Company_137,DevTools,US,2024-11-24,ads,Basic,30385,364620,5064.166666666667,62.833333333333336,34,167,9.823529411764707,7,33,78,0
A-bbc346,Company_138,FinTech,US,2024-08-29,partner,Enterprise,33122,397464,2547.846153846154,25.76923076923077,122,650,10.483870967741936,3,45,102,1
A-c16101,Company_139,EdTech,IN,2024-09-06,other,Basic,12422,149064,1242.2,15.8,116,561,10.2,4,28,82,1
A-50f3f7,Company_140,HealthTech,US,2023-12-22,partner,Basic,44077,528924,2938.4666666666667,39.0,361,685,9.51388888888889,6,37,67,0
A-7da956,Company_141,Cybersecurity,US,2024-06-02,event,Pro,10963,131556,913.5833333333334,14.916666666666666,199,543,10.647058823529411,3,32,88,0
A-019782,Company_142,DevTools,FR,2023-04-19,event,Enterprise,8353,100236,928.1111111111111,13.666666666666666,572,562,10.218181818181819,2,10,107,0
A-df10db,Company_143,DevTools,US,2023-06-06,other,Enterprise,11730,140760,1066.3636363636363,17.09090909090909,494,697,10.890625,2,68,86,1
A-3932db,Company_144,HealthTech,CA,2023-10-04,other,Pro,14087,169044,1565.2222222222222,29.88888888888889,387,434,9.434782608695652,6,41,86,0
A-4f18f0,Company_145,DevTools,CA,2024-04-21,other,Pro,30264,363168,2522.0,27.083333333333332,250,544,9.543859649122806,5,39,61,1
A-4c6f11,Company_146,FinTech,CA,2023-11-27,organic,Pro,7586,91032,1517.2,26.8,276,268,11.166666666666666,3,44,63,1
A-8ae05d,Company_147,FinTech,IN,2024-04-06,other,Enterprise,26230,314760,3747.1428571428573,86.0,213,203,10.15,1,47,48,1
A-b78bf8,Company_148,DevTools,US,2024-11-15,event,Pro,22423,269076,2802.875,35.0,44,421,10.023809523809524,5,24,88,1
A-eafc6e,Company_149,DevTools,US,2023-07-06,partner,Pro,16229,194748,2318.4285714285716,36.0,511,300,9.375,1,64,136,1
A-37f969,Company_150,HealthTech,IN,2023-10-14,partner,Enterprise,22959,275508,2869.875,32.625,434,312,9.75,5,22,94,1
A-10b8f2,Company_151,HealthTech,DE,2023-01-11,organic,Basic,30719,368628,2559.9166666666665,52.666666666666664,695,560,10.0,3,46,67,1
A-439b2f,Company_152,DevTools,US,2024-02-21,ads,Enterprise,1796,21552,299.3333333333333,11.0,297,171,8.55,3,18,85,1
A-544d0a,Company_153,DevTools,US,2024-05-02,organic,Basic,18492,221904,1849.2,17.1,221,510,10.851063829787234,2,38,98,0
A-ba6516,Company_154,FinTech,US,2023-10-29,ads,Pro,28379,340548,2183.0,30.615384615384617,356,642,10.7,6,31,71,1
A-712426,Company_155,HealthTech,US,2024-11-10,other,Enterprise,11197,134364,746.4666666666667,22.866666666666667,51,696,9.942857142857143,6,37,79,1
A-038089,Company_156,DevTools,FR,2023-12-19,other,Pro,2104,25248,701.3333333333334,15.333333333333334,187,210,10.5,6,30,86,1
A-afa505,Company_157,DevTools,US,2023-12-27,partner,Basic,66010,792120,7334.444444444444,70.0,358,507,9.941176470588236,4,37,88,1
A-d5a319,Company_158,FinTech,US,2023-05-04,other,Enterprise,37847,454164,3153.9166666666665,24.416666666666668,553,604,10.23728813559322,1,17,132,0
A-f97b9a,Company_159,FinTech,US,2023-07-09,event,Pro,23833,285996,2166.6363636363635,27.272727272727273,478,561,10.017857142857142,7,31,69,0
A-2f6a32,Company_160,HealthTech,US,2024-08-26,organic,Basic,7513,90156,683.0,23.181818181818183,106,654,9.909090909090908,2,41,72,0
A-856b1e,Company_161,FinTech,US,2023-10-31,partner,Basic,6321,75852,1053.5,24.666666666666668,425,230,10.0,5,36,79,0
A-17939a,Company_162,HealthTech,US,2024-12-26,organic,Basic,9669,116028,879.0,28.181818181818183,5,440,9.361702127659575,7,38,83,0
A-d27f50,Company_163,Cybersecurity,UK,2024-07-20,ads,Enterprise,44815,537780,3734.5833333333335,44.416666666666664,162,481,9.62,4,37,116,0
A-e36807,Company_164,EdTech,AU,2024-05-17,other,Pro,12569,150828,1256.9,31.6,213,446,9.10204081632653,2,41,152,0
A-ff79f2,Company_165,DevTools,US,2024-04-25,ads,Basic,27873,334476,3097.0,30.555555555555557,216,393,9.585365853658537,2,50,82,0
A-5b1bcd,Company_166,DevTools,US,2023-09-16,organic,Pro,133298,1599576,8886.533333333333,73.0,465,869,10.104651162790697,4,43,92,1
A-71615e,Company_167,EdTech,US,2024-05-18,organic,Basic,40713,488556,3131.769230769231,31.923076923076923,187,620,10.0,1,49,77,1
A-794a0b,Company_168,HealthTech,DE,2023-06-02,organic,Basic,10575,126900,1510.7142857142858,25.857142857142858,512,347,9.131578947368421,0,0,0,1
A-86902e,Company_169,HealthTech,IN,2023-05-02,other,Enterprise,36041,432492,3604.1,36.7,529,628,9.968253968253968,9,40,71,1
A-0532a9,Company_170,FinTech,IN,2024-09-25,event,Pro,15161,181932,1516.1,20.9,96,519,9.61111111111111,8,30,73,1
A-9779ad,Company_171,Cybersecurity,AU,2024-03-29,event,Pro,51680,620160,5168.0,40.0,268,413,9.604651162790697,3,20,116,1
A-f45426,Company_172,HealthTech,US,2024-08-05,organic,Basic,17289,207468,1571.7272727272727,19.818181818181817,148,624,10.229508196721312,3,17,69,1
A-c1e51e,Company_173,FinTech,US,2024-10-02,organic,Basic,23905,286860,2390.5,23.5,72,518,10.36,5,40,75,1
A-fa3095,Company_174,FinTech,US,2023-09-03,ads,Basic,69230,830760,5769.166666666667,70.0,470,600,10.169491525423728,5,49,84,1
A-ad64c6,Company_175,DevTools,UK,2024-02-23,event,Pro,14708,176496,2451.3333333333335,24.333333333333332,299,215,10.75,4,34,98,1
A-39b19f,Company_176,FinTech,US,2023-02-03,partner,Enterprise,21237,254844,1930.6363636363637,30.818181818181817,677,530,9.636363636363637,6,47,87,1
A-56962b,Company_177,EdTech,UK,2024-04-09,partner,Enterprise,54605,655260,7800.714285714285,163.0,230,271,9.344827586206897,4,37,105,1
A-e60f9d,Company_178,FinTech,US,2024-08-26,other,Basic,50817,609804,3387.8,36.13333333333333,105,629,10.14516129032258,2,70,106,0
A-88c6ca,Company_179,FinTech,DE,2024-10-25,ads,Basic,6449,77388,921.2857142857143,16.0,60,446,10.372093023255815,1,56,12,0
A-158f4e,Company_180,FinTech,IN,2023-03-03,other,Enterprise,43859,526308,3654.9166666666665,61.0,578,453,9.244897959183673,5,27,126,1
A-5b051a,Company_181,Cybersecurity,US,2024-08-05,event,Enterprise,2332,27984,583.0,22.0,104,171,10.6875,1,2,2,0
A-296d7c,Company_182,DevTools,DE,2023-11-08,other,Enterprise,1989,23868,284.14285714285717,10.714285714285714,336,357,10.818181818181818,5,50,105,1
A-1619f8,Company_183,DevTools,US,2024-05-20,organic,Pro,19790,237480,2827.1428571428573,32.714285714285715,205,432,10.285714285714286,3,42,81,1
A-a1b80b,Company_184,HealthTech,US,2023-11-27,organic,Basic,34589,415068,2161.8125,21.8125,295,749,10.402777777777779,4,41,72,1
A-139c3b,Company_185,HealthTech,US,2024-11-21,organic,Enterprise,9027,108324,1128.375,21.75,35,478,10.863636363636363,9,28,66,0
A-702032,Company_186,HealthTech,US,2023-10-03,ads,Pro,8540,102480,1423.3333333333333,28.0,251,285,10.961538461538462,4,26,98,1
A-7a0d69,Company_187,DevTools,DE,2024-06-15,ads,Enterprise,10362,124344,942.0,15.818181818181818,163,606,9.934426229508198,2,29,52,1
A-22d9d2,Company_188,DevTools,FR,2024-03-22,event,Pro,18746,224952,1339.0,23.142857142857142,279,782,10.426666666666666,6,16,88,1
A-b9eed8,Company_189,Cybersecurity,US,2024-02-23,organic,Basic,16577,198924,1507.0,15.727272727272727,290,623,10.21311475409836,5,29,103,1
A-dfbd31,Company_190,DevTools,UK,2023-12-04,partner,Enterprise,25079,300948,1791.357142857143,25.928571428571427,387,599,11.092592592592593,6,29,129,1
A-8e47ca,Company_191,HealthTech,US,2024-02-15,organic,Pro,28120,337440,3124.4444444444443,21.11111111111111,308,441,9.58695652173913,5,33,80,1
A-4437e4,Company_192,Cybersecurity,US,2023-09-16,event,Enterprise,17831,213972,1114.4375,14.0625,410,806,9.710843373493976,6,34,125,1
A-779e4e,Company_193,HealthTech,US,2023-01-02,organic,Basic,28081,336972,2808.1,28.9,722,393,8.931818181818182,5,26,91,0
A-53f4e3,Company_194,Cybersecurity,UK,2024-06-14,event,Enterprise,15072,180864,1507.2,25.8,197,410,9.318181818181818,5,28,99,1
A-692f18,Company_195,EdTech,US,2024-03-28,other,Basic,30550,366600,1797.0588235294117,15.882352941176471,277,871,10.011494252873563,2,37,120,1
A-13466a,Company_196,DevTools,AU,2023-10-22,event,Basic,13343,160116,2223.8333333333335,23.666666666666668,409,205,9.318181818181818,3,32,94,1
A-1986ca,Company_197,HealthTech,IN,2023-01-30,ads,Pro,27661,331932,3951.5714285714284,22.714285714285715,544,362,9.783783783783784,7,36,106,0
A-0cc442,Company_198,EdTech,US,2024-07-18,organic,Basic,61935,743220,4764.2307692307695,49.61538461538461,157,765,9.935064935064934,3,37,47,1
A-c608c8,Company_199,DevTools,DE,2023-04-27,ads,Pro,9514,114168,1189.25,17.0,550,445,10.348837209302326,2,59,66,1
A-3be56b,Company_200,HealthTech,IN,2023-10-26,event,Pro,17040,204480,1420.0,22.583333333333332,405,528,9.6,4,40,74,1
A-354f12,Company_201,FinTech,US,2024-04-28,ads,Pro,8889,106668,2222.25,12.75,217,158,10.533333333333333,2,56,137,1
A-68f37c,Company_202,HealthTech,US,2023-07-15,ads,Basic,32270,387240,2689.1666666666665,31.916666666666668,526,624,9.6,5,20,119,1
A-aa9511,Company_203,DevTools,US,2023-10-10,other,Pro,60970,731640,4064.6666666666665,34.0,447,625,9.615384615384615,2,56,98,1
A-af0cd2,Company_204,Cybersecurity,IN,2023-01-03,other,Enterprise,6460,77520,587.2727272727273,25.818181818181817,719,687,9.814285714285715,3,54,149,1
A-bd4513,Company_205,DevTools,AU,2024-11-06,event,Enterprise,52204,626448,4350.333333333333,51.333333333333336,49,507,9.941176470588236,3,42,58,1
A-c222ab,Company_206,Cybersecurity,US,2024-05-10,other,Pro,18656,223872,2665.1428571428573,32.0,129,435,9.666666666666666,4,39,94,1
A-34d880,Company_207,Cybersecurity,AU,2024-04-11,ads,Enterprise,20964,251568,2329.3333333333335,19.11111111111111,257,474,10.085106382978724,5,52,90,1
A-508199,Company_208,FinTech,AU,2024-01-28,event,Basic,8436,101232,1687.2,20.6,336,231,9.625,3,50,67,0
A-f03140,Company_209,DevTools,IN,2023-11-22,event,Pro,21075,252900,2107.5,28.2,386,595,10.43859649122807,7,36,113,1
A-410e86,Company_210,FinTech,US,2024-11-10,organic,Basic,15960,191520,2280.0,25.285714285714285,45,292,9.733333333333333,5,42,110,0
A-fa2041,Company_211,HealthTech,US,2024-05-29,organic,Pro,20915,250980,1742.9166666666667,21.833333333333332,203,552,9.049180327868852,1,16,99,1
A-de58ca,Company_212,HealthTech,DE,2023-04-13,organic,Enterprise,23905,286860,2173.181818181818,38.18181818181818,621,505,10.306122448979592,5,30,115,0
A-05d3b3,Company_213,DevTools,AU,2023-05-28,ads,Basic,12610,151320,970.0,17.923076923076923,538,642,10.03125,6,31,48,1
A-249769,Company_214,Cybersecurity,US,2024-04-25,event,Enterprise,15717,188604,1209.0,13.23076923076923,206,678,9.970588235294118,2,39,96,1
A-e43bf7,Company_215,Cybersecurity,AU,2023-03-24,other,Pro,46666,559992,6666.571428571428,47.714285714285715,590,371,9.275,5,27,80,1
A-eb2fdc,Company_216,DevTools,AU,2023-11-21,organic,Enterprise,31968,383616,2664.0,33.5,311,547,10.12962962962963,5,33,37,1
A-e1462e,Company_217,FinTech,UK,2023-03-12,partner,Basic,12030,144360,1718.5714285714287,23.285714285714285,638,347,9.914285714285715,2,39,118,1
A-cab532,Company_218,DevTools,FR,2023-04-03,organic,Pro,20088,241056,1339.2,24.0,620,1005,9.950495049504951,1,32,175,1
A-9123ac,Company_219,Cybersecurity,DE,2023-06-20,organic,Pro,14751,177012,2107.285714285714,16.285714285714285,433,386,10.432432432432432,6,38,91,1
A-6e08f3,Company_220,Cybersecurity,US,2023-02-27,event,Basic,18190,218280,1819.0,17.2,525,492,9.84,2,36,137,1
A-d922bf,Company_221,HealthTech,US,2023-09-08,ads,Basic,17114,205368,2444.8571428571427,18.857142857142858,429,419,10.21951219512195,7,39,101,1
A-8ed5dd,Company_222,EdTech,UK,2023-06-29,event,Enterprise,11956,143472,996.3333333333334,12.833333333333334,511,545,9.909090909090908,6,29,96,1
A-7c6b6b,Company_223,FinTech,US,2024-11-30,other,Basic,4818,57816,688.2857142857143,14.571428571428571,25,311,8.885714285714286,5,52,82,1
A-3c1a3f,Company_224,DevTools,UK,2023-08-26,event,Pro,14909,178908,1242.4166666666667,19.333333333333332,488,497,9.745098039215685,4,33,56,0
A-b48f73,Company_225,EdTech,AU,2024-11-13,event,Pro,28320,339840,4045.714285714286,80.0,46,412,9.363636363636363,3,28,35,0
A-76fa4d,Company_226,HealthTech,US,2024-11-24,event,Pro,61686,740232,8812.285714285714,69.0,35,357,9.916666666666666,5,33,111,1
A-b2af2e,Company_227,Cybersecurity,UK,2024-08-24,event,Enterprise,3112,37344,778.0,22.0,127,174,9.666666666666666,2,39,95,1
A-9bfc9f,Company_228,DevTools,CA,2023-09-14,ads,Pro,15342,184104,1704.6666666666667,53.77777777777778,469,376,10.162162162162161,6,35,84,0
A-4ae22a,Company_229,EdTech,US,2024-05-09,other,Pro,9432,113184,1347.4285714285713,15.428571428571429,217,369,10.542857142857143,3,14,72,1
A-fda07f,Company_230,Cybersecurity,FR,2024-08-11,partner,Basic,28418,341016,2368.1666666666665,24.083333333333332,129,681,10.476923076923077,5,17,57,1
A-de24d5,Company_231,DevTools,US,2024-11-05,other,Enterprise,21327,255924,1640.5384615384614,20.923076923076923,55,537,10.132075471698114,7,43,103,0
A-977ca0,Company_232,HealthTech,IN,2023-02-20,partner,Basic,30055,360660,1878.4375,24.8125,680,893,10.505882352941176,3,64,123,0
A-ab438f,Company_233,Cybersecurity,US,2024-09-13,ads,Enterprise,16358,196296,2044.75,32.625,74,369,10.25,2,33,112,1
A-e89151,Company_234,FinTech,UK,2023-09-14,organic,Pro,21734,260808,2414.8888888888887,19.555555555555557,413,601,10.362068965517242,2,41,48,0
A-40906c,Company_235,EdTech,US,2024-03-27,ads,Basic,64400,772800,5366.666666666667,92.0,217,685,10.873015873015873,5,29,95,0
A-81edc3,Company_236,Cybersecurity,IN,2023-10-30,ads,Basic,17524,210288,1460.3333333333333,16.916666666666668,420,765,10.337837837837839,3,52,70,1
A-328bd0,Company_237,HealthTech,AU,2023-05-16,partner,Enterprise,15979,191748,1229.1538461538462,23.0,509,568,9.311475409836065,5,46,68,0
A-b3fe05,Company_238,Cybersecurity,CA,2024-05-28,partner,Pro,24494,293928,2721.5555555555557,26.22222222222222,208,438,10.186046511627907,4,48,94,0
A-09540c,Company_239,Cybersecurity,CA,2023-10-30,event,Basic,23718,284616,3953.0,67.0,264,297,10.607142857142858,2,28,89,1
A-e693b6,Company_240,FinTech,AU,2023-05-25,event,Enterprise,34155,409860,2846.25,55.0,518,681,11.163934426229508,1,1,144,1
A-2446e3,Company_241,EdTech,IN,2024-01-10,organic,Pro,24138,289656,3448.285714285714,27.0,345,496,10.333333333333334,3,28,104,1
A-241e75,Company_242,EdTech,US,2024-07-03,partner,Enterprise,3594,43128,718.8,19.2,173,266,9.5,4,31,101,1
A-922109,Company_243,Cybersecurity,US,2024-01-26,ads,Pro,14118,169416,1086.0,16.076923076923077,283,819,10.367088607594937,3,25,127,1
A-ff3c73,Company_244,HealthTech,AU,2023-01-26,other,Pro,4335,52020,481.6666666666667,29.11111111111111,635,408,10.2,2,35,97,1
A-8b0451,Company_245,FinTech,UK,2024-09-16,event,Enterprise,31709,380508,3170.9,41.2,101,606,10.1,7,26,83,1
A-331424,Company_246,DevTools,US,2023-11-06,organic,Basic,6776,81312,1129.3333333333333,11.0,362,214,10.7,2,24,98,1
A-51ec1b,Company_247,DevTools,US,2023-11-08,ads,Enterprise,11087,133044,1847.8333333333333,13.833333333333334,325,283,10.107142857142858,3,52,150,1
A-bcf664,Company_248,DevTools,US,2023-05-19,other,Pro,13728,164736,1056.0,22.692307692307693,564,575,10.267857142857142,5,36,110,1
A-90a8c8,Company_249,FinTech,AU,2024-08-24,organic,Pro,26514,318168,3787.714285714286,29.571428571428573,128,404,9.853658536585366,4,45,29,1
A-86cdb4,Company_250,DevTools,DE,2024-09-22,partner,Basic,3551,42612,394.55555555555554,13.666666666666666,86,492,10.040816326530612,5,26,105,0
A-4bfa33,Company_251,Cybersecurity,US,2024-12-07,event,Basic,5606,67272,800.8571428571429,20.285714285714285,21,329,9.13888888888889,4,16,84,1
A-dbc825,Company_252,EdTech,FR,2024-01-07,partner,Enterprise,42404,508848,2650.25,27.1875,347,730,10.13888888888889,6,49,108,1
A-c70870,Company_253,Cybersecurity,US,2024-10-22,partner,Basic,39614,475368,5659.142857142857,61.57142857142857,50,334,9.823529411764707,5,35,105,1
A-7c4956,Company_254,DevTools,US,2023-05-06,ads,Enterprise,3409,40908,426.125,15.125,575,475,10.555555555555555,3,13,66,0
A-0651a4,Company_255,HealthTech,FR,2024-10-16,organic,Pro,44564,534768,2970.9333333333334,26.8,65,705,10.217391304347826,4,29,48,1
A-3ce5b8,Company_256,FinTech,IN,2023-09-07,ads,Basic,16650,199800,1850.0,37.333333333333336,382,509,10.18,10,42,101,1
A-bd4708,Company_257,FinTech,US,2024-07-21,ads,Pro,38975,467700,2998.076923076923,41.15384615384615,160,653,10.203125,4,24,90,0
A-993085,Company_258,HealthTech,US,2023-06-01,ads,Basic,48456,581472,3230.4,33.666666666666664,514,665,9.5,4,46,82,1
A-92a3af,Company_259,Cybersecurity,IN,2024-07-07,organic,Enterprise,34538,414456,3139.818181818182,32.90909090909091,161,714,10.656716417910447,4,57,39,0
A-151c9a,Company_260,FinTech,US,2023-01-27,ads,Enterprise,14250,171000,2850.0,30.0,603,366,10.764705882352942,2,31,156,1
A-474ad4,Company_261,EdTech,US,2023-11-28,organic,Basic,12125,145500,808.3333333333334,16.8,393,605,9.453125,3,33,50,0
A-4ef964,Company_262,HealthTech,US,2024-03-07,organic,Pro,14279,171348,1586.5555555555557,26.444444444444443,274,487,9.938775510204081,3,42,86,1
A-fd9422,Company_263,Cybersecurity,US,2024-04-04,organic,Pro,28130,337560,3125.5555555555557,58.0,237,456,10.363636363636363,6,44,116,0
A-0baac2,Company_264,FinTech,DE,2024-05-30,organic,Enterprise,18500,222000,3083.3333333333335,23.333333333333332,212,202,9.619047619047619,6,43,89,1
A-bb1486,Company_265,HealthTech,US,2024-11-05,organic,Basic,16307,195684,2038.375,47.875,48,405,9.642857142857142,3,11,78,1
A-560d27,Company_266,DevTools,US,2024-05-05,organic,Pro,41641,499692,3470.0833333333335,34.166666666666664,214,587,9.94915254237288,4,30,59,0
A-0b0d6d,Company_267,DevTools,US,2024-12-30,organic,Pro,33491,401892,2576.230769230769,20.692307692307693,1,582,9.387096774193548,5,31,90,1
A-2789e3,Company_268,FinTech,US,2024-09-14,partner,Enterprise,24489,293868,2040.75,18.583333333333332,104,680,10.461538461538462,4,47,83,0
A-b07346,Company_269,HealthTech,US,2024-10-10,partner,Pro,31416,376992,6283.2,51.0,55,326,9.878787878787879,3,42,76,1
A-902ef7,Company_270,HealthTech,US,2024-09-03,other,Enterprise,44322,531864,5540.25,83.0,117,414,10.35,2,48,85,1
A-20736a,Company_271,EdTech,IN,2024-03-16,organic,Enterprise,40525,486300,5789.285714285715,53.57142857142857,236,430,10.238095238095237,4,42,78,1
A-e4bf56,Company_272,HealthTech,IN,2024-10-28,ads,Pro,18926,227112,2703.714285714286,23.428571428571427,44,339,10.272727272727273,8,29,111,0
A-cea1f0,Company_273,FinTech,US,2024-04-07,event,Pro,12244,146928,1224.4,15.2,213,586,10.464285714285714,5,42,107,0
A-ef84cf,Company_274,EdTech,US,2024-03-01,partner,Enterprise,7507,90084,1501.4,16.2,294,309,11.035714285714286,5,34,79,1
A-d49cc5,Company_275,Cybersecurity,FR,2023-09-19,event,Basic,13325,159900,1665.625,53.125,322,436,10.634146341463415,4,32,55,1
A-67be94,Company_276,EdTech,US,2023-04-04,organic,Enterprise,21930,263160,3132.8571428571427,38.57142857142857,490,416,9.904761904761905,5,38,51,1
A-4e960a,Company_277,FinTech,US,2024-01-17,other,Enterprise,23942,287304,1995.1666666666667,20.583333333333332,328,512,10.448979591836734,6,29,83,0
A-c37cab,Company_278,Cybersecurity,UK,2024-07-29,event,Pro,29433,353196,2452.75,26.333333333333332,154,708,10.114285714285714,4,33,101,1
A-533452,Company_279,DevTools,AU,2024-11-12,organic,Pro,20664,247968,1878.5454545454545,29.09090909090909,40,595,9.444444444444445,4,32,35,1
A-443b7c,Company_280,Cybersecurity,US,2024-09-06,other,Enterprise,24062,288744,1503.875,24.625,106,618,9.80952380952381,8,29,49,0
A-1f7acb,Company_281,FinTech,UK,2023-08-06,ads,Basic,46912,562944,5864.0,64.0,487,510,9.622641509433961,7,41,129,0
A-f51f16,Company_282,HealthTech,US,2023-12-25,partner,Enterprise,13310,159720,1663.75,17.75,317,384,10.378378378378379,4,29,91,1
A-5a3eb9,Company_283,DevTools,CA,2023-08-20,other,Enterprise,20293,243516,1561.0,30.53846153846154,468,722,10.46376811594203,3,24,83,1
A-5f2961,Company_284,HealthTech,US,2024-11-22,partner,Basic,10299,123588,1471.2857142857142,24.428571428571427,34,348,9.666666666666666,1,53,19,1
A-417d2f,Company_285,Cybersecurity,IN,2023-07-04,partner,Pro,22933,275196,1433.3125,20.5625,546,722,10.169014084507042,6,43,80,1
A-e98302,Company_286,EdTech,US,2023-12-26,ads,Enterprise,12567,150804,2094.5,30.5,345,273,9.1,9,44,99,0
A-8bde0c,Company_287,DevTools,US,2024-11-04,organic,Basic,34198,410376,1899.888888888889,26.444444444444443,57,773,9.6625,3,25,86,1
A-bcf87c,Company_288,FinTech,US,2024-06-27,event,Pro,21770,261240,1979.090909090909,20.09090909090909,162,503,9.314814814814815,2,63,49,0
A-54ecc2,Company_289,Cybersecurity,US,2023-06-11,partner,Enterprise,16168,194016,1469.8181818181818,13.272727272727273,503,607,10.839285714285714,5,37,72,1
A-625d0b,Company_290,EdTech,AU,2024-09-02,ads,Basic,11893,142716,1081.1818181818182,17.363636363636363,97,529,9.796296296296296,5,48,72,0
A-fce879,Company_291,EdTech,UK,2024-09-24,partner,Pro,6797,81564,1359.4,25.6,94,299,11.074074074074074,2,28,61,1
A-b07b56,Company_292,DevTools,US,2024-11-08,event,Pro,16984,203808,1132.2666666666667,26.333333333333332,45,633,9.890625,4,31,93,1
A-6da850,Company_293,FinTech,IN,2023-10-07,organic,Pro,18559,222708,1159.9375,16.375,450,714,10.2,5,49,76,1
A-342303,Company_294,EdTech,US,2024-03-16,other,Pro,1695,20340,565.0,18.333333333333332,242,141,9.4,3,29,71,1
A-e7a1e2,Company_295,Cybersecurity,US,2024-06-23,event,Enterprise,20042,240504,1670.1666666666667,13.916666666666666,165,703,10.338235294117647,1,45,37,1
A-f1f639,Company_296,EdTech,US,2023-02-26,ads,Basic,2919,35028,729.75,5.25,547,139,9.928571428571429,7,20,67,1
A-a865bd,Company_297,Cybersecurity,US,2023-09-19,organic,Pro,21022,252264,4204.4,47.6,349,230,9.583333333333334,2,31,21,1
A-4e631b,Company_298,FinTech,US,2024-03-16,other,Enterprise,24398,292776,2218.0,24.0,288,502,10.244897959183673,2,24,52,0
A-7f6b86,Company_299,HealthTech,US,2023-08-24,partner,Basic,19402,232824,2155.777777777778,48.111111111111114,489,420,10.24390243902439,7,40,96,1
A-8adedc,Company_300,EdTech,US,2024-02-11,event,Basic,28328,339936,2023.4285714285713,26.714285714285715,313,583,9.557377049180328,4,49,56,0
A-2edab2,Company_301,HealthTech,US,2023-11-17,event,Enterprise,11390,136680,1139.0,17.0,405,487,10.361702127659575,4,30,102,1
A-149a69,Company_302,DevTools,US,2024-10-17,event,Basic,8058,96696,2686.0,34.0,26,208,11.555555555555555,8,33,120,1
A-a6d261,Company_303,FinTech,CA,2023-11-29,other,Pro,38191,458292,2727.9285714285716,23.428571428571427,384,627,9.952380952380953,4,40,63,1
A-443f6f,Company_304,Cybersecurity,US,2024-12-07,organic,Basic,13594,163128,1510.4444444444443,21.77777777777778,23,527,9.410714285714286,4,28,122,0
A-202b67,Company_305,HealthTech,US,2024-03-22,organic,Pro,18168,218016,2018.6666666666667,21.333333333333332,279,447,9.717391304347826,4,36,90,1
A-00bed1,Company_306,Cybersecurity,US,2023-11-14,ads,Basic,33506,402072,3350.6,34.2,411,514,10.07843137254902,4,31,106,1
A-ffc04f,Company_307,EdTech,US,2024-06-06,ads,Pro,20039,240468,1335.9333333333334,19.333333333333332,206,857,9.965116279069768,7,17,58,1
A-65c341,Company_308,FinTech,US,2023-12-26,ads,Pro,30546,366552,3818.25,26.875,320,410,10.789473684210526,5,41,87,1
A-dcc2f0,Company_309,FinTech,UK,2023-07-22,organic,Basic,17493,209916,1166.2,18.066666666666666,456,833,10.960526315789474,2,27,100,1
A-ced9aa,Company_310,DevTools,US,2024-10-05,other,Enterprise,6252,75024,568.3636363636364,7.090909090909091,81,531,9.654545454545454,7,28,102,0
A-3d957b,Company_311,HealthTech,UK,2024-04-04,other,Pro,11852,142224,1975.3333333333333,26.333333333333332,169,143,9.533333333333333,3,41,79,1
A-89ee83,Company_312,Cybersecurity,US,2024-10-04,organic,Pro,24907,298884,2264.2727272727275,23.0,74,565,9.576271186440678,5,21,66,0
A-883b7d,Company_313,Cybersecurity,IN,2024-03-28,other,Basic,30524,366288,2543.6666666666665,35.666666666666664,254,644,9.757575757575758,7,25,62,0
A-dcc3f1,Company_314,HealthTech,US,2023-12-27,event,Pro,12747,152964,1593.375,25.5,370,500,10.416666666666666,9,35,83,1
A-c62e55,Company_315,EdTech,US,2023-02-08,partner,Basic,11902,142824,1322.4444444444443,23.11111111111111,412,337,10.53125,4,27,101,0
A-e4144b,Company_316,EdTech,UK,2024-10-22,other,Pro,35424,425088,3542.4,44.8,51,439,10.209302325581396,3,57,172,0
A-e40f45,Company_317,HealthTech,US,2024-04-18,organic,Pro,11825,141900,1689.2857142857142,25.142857142857142,230,401,8.911111111111111,7,26,96,1
A-96215d,Company_318,FinTech,US,2024-08-08,event,Enterprise,10312,123744,1718.6666666666667,14.666666666666666,136,347,10.84375,1,25,115,0
A-2b9d3e,Company_319,EdTech,US,2023-06-04,partner,Enterprise,5142,61704,571.3333333333334,13.222222222222221,482,444,9.866666666666667,3,34,79,0
A-b7724f,Company_320,HealthTech,UK,2023-03-28,organic,Basic,3222,38664,402.75,21.0,577,380,10.0,3,28,92,1
A-310452,Company_321,DevTools,FR,2024-12-25,other,Enterprise,11003,132036,2200.6,17.2,5,268,10.72,5,34,113,1
A-eb1312,Company_322,FinTech,US,2024-09-16,partner,Pro,18147,217764,1512.25,30.25,104,663,10.2,1,68,117,1
A-df1e44,Company_323,Cybersecurity,UK,2024-02-23,organic,Enterprise,13107,157284,1191.5454545454545,23.363636363636363,298,420,10.0,2,53,109,1
A-6a7c9d,Company_324,Cybersecurity,US,2024-10-24,organic,Enterprise,13028,156336,2605.6,30.4,49,189,9.947368421052632,3,34,60,1
A-cbd1a3,Company_325,DevTools,US,2024-11-25,other,Basic,16351,196212,1635.1,17.7,35,465,10.333333333333334,4,34,81,0
A-a8d89d,Company_326,EdTech,US,2023-12-08,ads,Pro,29320,351840,2443.3333333333335,22.25,385,551,10.203703703703704,2,44,139,1
A-600734,Company_327,DevTools,US,2023-11-14,organic,Pro,18132,217584,1394.7692307692307,31.307692307692307,353,660,9.565217391304348,7,52,89,0
A-86fc1d,Company_328,DevTools,UK,2024-07-26,partner,Basic,15181,182172,1686.7777777777778,30.77777777777778,145,363,9.81081081081081,5,27,59,1
A-78f02b,Company_329,HealthTech,US,2024-11-17,event,Enterprise,15081,180972,3770.25,54.75,42,211,10.55,4,45,55,1
A-acb7f7,Company_330,EdTech,US,2024-01-06,ads,Basic,32574,390888,2714.5,33.333333333333336,359,612,9.870967741935484,3,41,91,1
A-712f1c,Company_331,DevTools,US,2023-12-16,ads,Basic,42999,515988,3583.25,31.583333333333332,363,631,9.279411764705882,6,41,88,1
A-3793ee,Company_332,Cybersecurity,CA,2023-03-21,organic,Enterprise,26705,320460,3815.0,49.0,407,352,9.263157894736842,4,43,100,1
A-9a532a,Company_333,HealthTech,US,2024-07-06,partner,Enterprise,10945,131340,2736.25,29.25,125,185,10.277777777777779,2,57,128,0
A-2ebb4b,Company_334,HealthTech,US,2023-05-15,ads,Basic,30688,368256,3068.8,43.4,576,488,9.76,2,43,136,1
A-6843f2,Company_335,HealthTech,CA,2024-12-10,ads,Enterprise,16520,198240,1835.5555555555557,21.22222222222222,20,481,10.456521739130435,2,36,78,0
A-c9bb3e,Company_336,EdTech,US,2024-03-24,ads,Pro,15217,182604,1521.7,28.1,274,474,10.304347826086957,7,27,86,1
A-4814a3,Company_337,Cybersecurity,IN,2024-09-17,event,Basic,87957,1055484,7996.090909090909,87.0,95,587,9.783333333333333,4,18,97,1
A-b7b7b7,Company_338,FinTech,US,2024-06-30,event,Basic,28558,342696,2379.8333333333335,31.25,172,571,10.381818181818181,3,17,99,0
A-ccc747,Company_339,HealthTech,FR,2024-01-12,event,Pro,4812,57744,802.0,20.666666666666668,232,284,9.466666666666667,4,32,83,1
A-bb3bd4,Company_340,HealthTech,US,2024-01-27,ads,Basic,7452,89424,1064.5714285714287,23.0,270,315,10.5,11,32,106,1
A-09316c,Company_341,FinTech,AU,2024-09-11,organic,Enterprise,70000,840000,6363.636363636364,70.0,103,566,10.481481481481481,4,54,106,1
A-96bbc6,Company_342,Cybersecurity,US,2024-05-07,organic,Enterprise,30426,365112,3803.25,44.25,222,482,9.83673469387755,3,51,67,1
A-bc4d48,Company_343,EdTech,US,2024-06-12,ads,Pro,12390,148680,1770.0,35.0,188,321,10.03125,6,41,65,0
A-b30291,Company_344,HealthTech,US,2024-04-05,event,Basic,5375,64500,537.5,16.0,266,519,10.8125,1,16,1,1
A-cdf020,Company_345,DevTools,AU,2023-08-16,organic,Pro,18072,216864,2259.0,31.375,396,379,9.475,4,29,39,1
A-e6afc1,Company_346,DevTools,US,2023-02-24,ads,Pro,22582,270984,2052.909090909091,30.454545454545453,587,679,9.56338028169014,0,0,0,0
A-e3bd71,Company_347,Cybersecurity,US,2023-03-25,partner,Basic,41630,499560,3784.5454545454545,40.81818181818182,638,638,10.459016393442623,4,30,119,1
A-b179bf,Company_348,Cybersecurity,IN,2024-10-27,ads,Basic,17931,215172,3586.2,43.0,65,398,10.205128205128204,6,24,94,1
A-098560,Company_349,DevTools,UK,2023-10-21,ads,Enterprise,12326,147912,1120.5454545454545,19.727272727272727,387,567,10.309090909090909,2,28,100,1
A-82861f,Company_350,DevTools,UK,2024-04-25,organic,Basic,43633,523596,4363.3,42.7,227,462,9.24,5,24,55,1
A-94c3cd,Company_351,FinTech,CA,2023-09-20,other,Enterprise,9036,108432,1506.0,35.0,360,306,9.870967741935484,4,44,116,0
A-a33200,Company_352,HealthTech,US,2024-09-15,partner,Basic,28913,346956,2409.4166666666665,31.416666666666668,96,517,9.4,3,36,88,1
A-034368,Company_353,EdTech,US,2023-11-05,event,Enterprise,11194,134328,2238.8,25.0,383,265,9.464285714285714,5,41,91,1
A-b54c01,Company_354,DevTools,US,2024-09-29,event,Enterprise,3393,40716,848.25,29.0,85,226,9.826086956521738,5,42,77,1
A-d82ef9,Company_355,EdTech,UK,2024-07-02,other,Basic,14327,171924,1023.3571428571429,30.214285714285715,170,679,9.985294117647058,5,39,91,1
A-bb2f49,Company_356,Cybersecurity,US,2023-05-28,other,Pro,23990,287880,2180.909090909091,29.818181818181817,551,618,10.3,3,22,102,0
A-1f559b,Company_357,HealthTech,US,2023-09-04,organic,Enterprise,11756,141072,1175.6,22.4,385,400,10.0,5,50,116,1
A-5a215a,Company_358,EdTech,FR,2024-01-05,other,Enterprise,130152,1561824,7230.666666666667,87.0,335,807,10.0875,4,29,38,0
A-3f9cc0,Company_359,HealthTech,US,2024-06-03,event,Basic,19940,239280,2848.5714285714284,23.142857142857142,191,407,9.69047619047619,5,34,112,1
A-f9cc74,Company_360,DevTools,FR,2024-10-12,partner,Enterprise,15557,186684,1555.7,32.3,80,484,9.68,6,49,118,0
A-ed510f,Company_361,Cybersecurity,IN,2023-01-17,partner,Basic,36162,433944,3616.2,42.0,663,493,10.061224489795919,9,44,82,1
A-5c9849,Company_362,EdTech,IN,2024-11-03,partner,Basic,36755,441060,4083.8888888888887,36.888888888888886,51,473,10.282608695652174,4,59,41,1
A-a7bd4b,Company_363,Cybersecurity,US,2023-02-15,ads,Enterprise,6268,75216,569.8181818181819,17.454545454545453,653,576,10.472727272727273,6,36,86,1
A-d4ac0e,Company_364,DevTools,UK,2024-04-20,ads,Basic,27557,330684,1450.3684210526317,29.473684210526315,235,793,9.9125,4,21,34,0
A-ffdfd5,Company_365,EdTech,US,2024-04-13,organic,Basic,14322,171864,1432.2,21.6,251,529,10.173076923076923,0,0,0,1
A-0dbdc6,Company_366,Cybersecurity,DE,2023-02-12,other,Pro,28273,339276,3141.4444444444443,34.111111111111114,566,512,9.846153846153847,4,47,95,1
A-7cfe77,Company_367,DevTools,US,2024-07-10,ads,Pro,12765,153180,2553.0,69.0,154,205,10.789473684210526,7,30,105,1
A-1f0636,Company_368,EdTech,AU,2024-01-01,partner,Pro,94710,1136520,8610.0,105.0,308,685,10.073529411764707,2,38,75,0
A-40de06,Company_369,Cybersecurity,US,2023-05-08,event,Enterprise,28862,346344,1803.875,32.5625,577,902,9.912087912087912,3,40,67,0
A-cb5333,Company_370,DevTools,US,2024-03-26,ads,Pro,26256,315072,1641.0,35.0625,274,796,9.707317073170731,4,30,85,1
A-309e54,Company_371,DevTools,US,2024-12-09,other,Pro,28549,342588,2595.3636363636365,31.545454545454547,18,509,9.788461538461538,5,23,90,1
A-6e7827,Company_372,DevTools,US,2023-03-26,other,Basic,8344,100128,927.1111111111111,15.11111111111111,569,419,10.21951219512195,2,51,83,1
A-50bb9f,Company_373,Cybersecurity,US,2024-07-12,organic,Pro,17263,207156,2157.875,23.375,162,276,11.5,7,33,74,1
A-5fe118,Company_374,Cybersecurity,US,2024-11-07,other,Enterprise,22290,267480,4458.0,55.8,29,233,11.095238095238095,1,19,26,1
A-5247b3,Company_375,FinTech,UK,2024-03-12,partner,Pro,11791,141492,1071.909090909091,23.727272727272727,283,610,10.166666666666666,5,45,96,1
A-f44180,Company_376,Cybersecurity,UK,2023-02-13,event,Pro,28788,345456,2617.090909090909,20.363636363636363,647,520,10.0,2,46,123,1
A-c16cf7,Company_377,EdTech,US,2024-10-16,event,Pro,12274,147288,1227.4,24.4,74,577,9.948275862068966,3,48,111,1
A-d42431,Company_378,FinTech,FR,2024-06-09,ads,Enterprise,21160,253920,2351.1111111111113,31.11111111111111,203,457,9.72340425531915,4,24,119,1
A-6965e1,Company_379,DevTools,US,2024-11-25,organic,Basic,27765,333180,2313.75,17.583333333333332,26,627,10.627118644067796,3,39,128,1
A-0354fe,Company_380,Cybersecurity,US,2024-10-22,other,Basic,15470,185640,2210.0,34.0,58,463,10.28888888888889,4,20,69,1
A-0a62f5,Company_381,FinTech,UK,2024-09-11,partner,Pro,4861,58332,1215.25,19.75,106,244,9.76,2,33,105,1
A-f5641b,Company_382,EdTech,US,2024-03-30,other,Pro,39120,469440,3912.0,33.1,254,438,11.23076923076923,4,47,98,1
A-b44e3e,Company_383,Cybersecurity,UK,2024-02-12,ads,Basic,43521,522252,6217.285714285715,45.57142857142857,307,387,10.18421052631579,3,40,75,1
A-3b37d9,Company_384,FinTech,US,2023-01-27,event,Enterprise,19435,233220,2776.4285714285716,23.714285714285715,630,451,10.488372093023257,5,36,89,1
A-54d94a,Company_385,Cybersecurity,IN,2023-05-01,event,Basic,12557,150684,1141.5454545454545,34.09090909090909,398,582,9.864406779661017,4,53,82,0
A-7f29a7,Company_386,Cybersecurity,UK,2024-09-18,event,Basic,18860,226320,1714.5454545454545,41.0,96,619,9.983870967741936,1,24,5,1
A-089363,Company_387,FinTech,AU,2023-05-06,event,Basic,21104,253248,1507.4285714285713,18.142857142857142,577,628,10.295081967213115,3,35,91,1
A-524364,Company_388,DevTools,FR,2024-12-31,partner,Enterprise,9552,114624,1592.0,31.5,0,237,9.115384615384615,3,47,75,0
A-855a48,Company_389,EdTech,US,2023-12-22,partner,Pro,30376,364512,3797.0,26.75,336,448,10.181818181818182,5,39,122,1
A-756192,Company_390,FinTech,IN,2023-06-11,other,Basic,21400,256800,2140.0,28.8,471,617,9.640625,3,37,102,0
A-49b828,Company_391,FinTech,IN,2023-05-05,ads,Pro,31108,373296,2222.0,19.142857142857142,600,687,10.569230769230769,3,13,87,0
A-c7ffc2,Company_392,Cybersecurity,US,2023-01-27,partner,Pro,36112,433344,3009.3333333333335,42.333333333333336,586,640,10.32258064516129,2,64,86,1
A-751c58,Company_393,FinTech,UK,2024-07-18,organic,Basic,19597,235164,1781.5454545454545,28.545454545454547,155,574,10.830188679245284,5,39,130,1
A-72799b,Company_394,DevTools,FR,2023-11-13,event,Enterprise,17315,207780,1731.5,26.5,410,550,9.821428571428571,2,33,80,1
A-812c5b,Company_395,DevTools,CA,2024-02-25,organic,Basic,29884,358608,2298.769230769231,62.0,272,866,9.840909090909092,4,27,88,1
A-69b156,Company_396,EdTech,US,2023-11-21,other,Pro,14293,171516,1588.111111111111,11.555555555555555,370,360,10.0,7,32,100,0
A-075038,Company_397,HealthTech,UK,2023-05-12,ads,Basic,18909,226908,1350.642857142857,31.428571428571427,536,743,10.614285714285714,2,43,54,1
A-940b8b,Company_398,HealthTech,DE,2024-03-19,organic,Basic,9640,115680,1205.0,24.0,274,362,10.342857142857143,3,41,89,0
A-2d1036,Company_399,FinTech,US,2024-06-14,ads,Pro,64653,775836,4973.307692307692,69.0,181,692,10.028985507246377,5,37,49,1
A-0f6450,Company_400,FinTech,US,2024-12-27,other,Pro,23800,285600,2163.6363636363635,28.0,4,539,9.981481481481481,8,29,81,1
A-9affe6,Company_401,Cybersecurity,US,2023-03-22,other,Pro,10636,127632,966.9090909090909,19.454545454545453,635,473,10.063829787234043,3,58,76,1
A-80eeb6,Company_402,Cybersecurity,UK,2023-05-09,organic,Enterprise,68489,821868,4280.5625,35.4375,535,725,9.539473684210526,4,40,68,1
A-d4e0d4,Company_403,FinTech,US,2024-10-18,other,Basic,138060,1656720,13806.0,117.0,74,488,9.959183673469388,4,39,76,0
A-c7e58b,Company_404,HealthTech,IN,2023-06-25,other,Pro,5384,64608,769.1428571428571,10.285714285714286,489,343,10.088235294117647,5,30,98,0
A-016043,Company_405,EdTech,CA,2024-07-31,organic,Basic,16516,198192,1501.4545454545455,20.454545454545453,151,490,10.425531914893616,3,30,78,1
A-bbe56f,Company_406,HealthTech,US,2023-02-16,ads,Enterprise,6025,72300,1205.0,21.2,490,232,10.545454545454545,4,26,120,0
A-7c5768,Company_407,HealthTech,UK,2024-03-02,event,Enterprise,3389,40668,376.55555555555554,20.88888888888889,301,461,10.021739130434783,5,28,96,0
A-751bd4,Company_408,Cybersecurity,UK,2024-07-12,partner,Pro,190,2280,95.0,22.5,104,92,9.2,6,23,112,1
A-4e0e85,Company_409,DevTools,US,2023-09-08,organic,Enterprise,4544,54528,568.0,29.25,319,288,9.290322580645162,2,53,119,1
A-ad3abd,Company_410,FinTech,US,2023-03-03,event,Pro,16896,202752,2413.714285714286,44.0,654,296,10.206896551724139,3,13,70,1
A-e19ff6,Company_411,Cybersecurity,UK,2023-07-28,partner,Enterprise,4910,58920,409.1666666666667,16.833333333333332,510,456,10.133333333333333,3,30,115,1
A-7920cc,Company_412,Cybersecurity,FR,2023-11-23,ads,Pro,52089,625068,3255.5625,42.5,400,601,9.693548387096774,7,32,113,0
A-5a92e7,Company_413,HealthTech,US,2024-06-11,ads,Pro,12671,152052,666.8947368421053,16.210526315789473,201,885,10.411764705882353,7,45,86,1
A-fdfc91,Company_414,Cybersecurity,US,2023-05-06,ads,Basic,20612,247344,2061.2,42.7,520,564,10.071428571428571,5,28,121,0
A-1e50e0,Company_415,Cybersecurity,DE,2023-02-21,other,Pro,13295,159540,2659.0,34.8,649,194,9.7,2,20,143,1
A-1e1b80,Company_416,FinTech,CA,2023-09-12,other,Enterprise,48647,583764,4053.9166666666665,50.25,447,682,10.029411764705882,6,43,67,1
A-659280,Company_417,FinTech,IN,2023-11-17,event,Enterprise,21450,257400,1787.5,24.083333333333332,402,613,10.216666666666667,4,8,123,1
A-f6b2fb,Company_418,DevTools,AU,2024-04-23,event,Basic,23359,280308,2335.9,25.7,222,524,9.527272727272727,5,55,88,1
A-cb6cc6,Company_419,DevTools,US,2023-04-03,ads,Basic,2622,31464,374.57142857142856,14.857142857142858,621,314,8.971428571428572,3,16,131,0
A-d62e02,Company_420,Cybersecurity,US,2024-08-20,partner,Pro,21324,255888,2132.4,15.6,119,344,10.117647058823529,1,36,31,0
A-d535f6,Company_421,DevTools,US,2024-09-03,organic,Basic,7415,88980,823.8888888888889,22.0,101,477,10.148936170212766,0,0,0,1
A-39868b,Company_422,FinTech,AU,2024-03-17,partner,Pro,4194,50328,838.8,10.6,250,305,10.892857142857142,6,39,100,1
A-3cc791,Company_423,EdTech,US,2024-01-10,other,Enterprise,8522,102264,1065.25,16.875,335,447,9.717391304347826,6,48,95,1
A-337bc1,Company_424,Cybersecurity,US,2023-07-19,organic,Pro,19379,232548,2768.4285714285716,40.142857142857146,517,425,9.883720930232558,4,32,62,1
A-58b9ff,Company_425,DevTools,IN,2024-05-31,partner,Enterprise,22642,271704,1741.6923076923076,20.46153846153846,197,667,10.261538461538462,2,66,79,1
A-bf7919,Company_426,HealthTech,US,2024-11-27,organic,Pro,1560,18720,260.0,9.833333333333334,24,262,10.076923076923077,2,14,81,1
A-1d5444,Company_427,Cybersecurity,US,2024-01-18,partner,Basic,30958,371496,2211.285714285714,26.428571428571427,287,592,10.033898305084746,2,30,62,1
A-0f3e88,Company_428,HealthTech,US,2023-07-23,other,Basic,5624,67488,511.27272727272725,13.909090909090908,514,598,10.135593220338983,3,48,67,1
A-7641d3,Company_429,EdTech,US,2023-02-16,partner,Pro,12060,144720,1096.3636363636363,21.545454545454547,629,519,10.38,5,45,124,1
A-cd458b,Company_430,DevTools,US,2024-06-15,other,Basic,43291,519492,2886.0666666666666,23.266666666666666,172,864,10.285714285714286,5,38,81,1
A-c16b88,Company_431,HealthTech,US,2023-12-02,event,Enterprise,20338,244056,2259.777777777778,27.22222222222222,298,457,9.520833333333334,3,48,137,1
A-59f724,Company_432,HealthTech,US,2023-11-03,other,Enterprise,9773,117276,814.4166666666666,20.833333333333332,365,696,10.235294117647058,4,19,94,0
A-87aa7b,Company_433,HealthTech,US,2024-05-16,organic,Pro,22881,274572,1430.0625,29.5625,223,742,10.305555555555555,3,27,72,1
A-1e6fc3,Company_434,EdTech,FR,2023-12-06,other,Pro,444,5328,111.0,4.5,355,244,9.384615384615385,5,23,88,1
A-39ddf4,Company_435,EdTech,US,2024-12-05,partner,Enterprise,35836,430032,3981.777777777778,40.44444444444444,24,455,9.891304347826088,5,23,76,1
A-34ea2f,Company_436,HealthTech,US,2024-08-15,organic,Enterprise,14583,174996,1215.25,23.0,117,550,9.649122807017545,8,35,65,1
A-716841,Company_437,FinTech,US,2024-05-06,other,Pro,26234,314808,3279.25,59.5,232,344,10.117647058823529,5,29,112,1
A-558c72,Company_438,FinTech,US,2023-06-01,organic,Basic,9171,110052,1310.142857142857,22.714285714285715,568,296,9.866666666666667,4,64,79,1
A-b11cd0,Company_439,DevTools,US,2023-01-20,ads,Pro,4806,57672,801.0,27.666666666666668,684,278,9.586206896551724,4,38,140,0
A-cc1d8d,Company_440,FinTech,US,2024-12-08,other,Pro,8947,107364,688.2307692307693,17.23076923076923,23,618,9.80952380952381,5,30,99,1
A-7f4db3,Company_441,FinTech,US,2023-03-05,other,Pro,26276,315312,1751.7333333333333,19.933333333333334,661,844,9.377777777777778,5,16,91,1
A-db5e9e,Company_442,DevTools,US,2024-11-09,partner,Basic,9251,111012,1156.375,21.5,49,586,10.280701754385966,2,66,97,1
A-cc102e,Company_443,HealthTech,US,2024-04-15,partner,Enterprise,10063,120756,1006.3,17.0,239,394,9.162790697674419,4,33,109,1
A-82d8a6,Company_444,Cybersecurity,UK,2024-11-28,ads,Basic,27966,335592,1645.0588235294117,23.352941176470587,28,661,9.442857142857143,5,42,112,1
A-dec005,Company_445,HealthTech,US,2023-10-13,partner,Pro,30744,368928,3074.4,25.8,441,475,9.313725490196079,2,59,152,1
A-5790f4,Company_446,FinTech,UK,2024-12-22,event,Pro,18926,227112,3154.3333333333335,25.666666666666668,9,321,9.17142857142857,4,44,57,1
A-7c83a1,Company_447,Cybersecurity,US,2024-05-06,partner,Pro,16731,200772,1394.25,18.166666666666668,231,632,10.193548387096774,4,42,86,1
A-297a2d,Company_448,HealthTech,UK,2023-05-05,event,Pro,14373,172476,2874.6,28.8,504,244,9.76,2,32,84,0
A-4c56c9,Company_449,FinTech,US,2023-12-20,partner,Enterprise,30471,365652,2343.923076923077,22.307692307692307,232,623,9.734375,5,38,68,1
A-cbbe12,Company_450,Cybersecurity,DE,2023-03-22,partner,Enterprise,13081,156972,2180.1666666666665,41.5,529,178,8.090909090909092,6,38,74,0
A-4a267b,Company_451,FinTech,US,2024-05-05,other,Pro,29687,356244,2968.7,31.3,236,498,9.96,4,16,105,1
A-bcbe98,Company_452,Cybersecurity,US,2024-07-29,other,Enterprise,21666,259992,1969.6363636363637,46.0,155,635,9.76923076923077,7,38,61,1
A-427b69,Company_453,FinTech,US,2024-08-23,other,Basic,19958,239496,1995.8,21.6,115,698,9.971428571428572,2,31,109,0
A-0be015,Company_454,FinTech,US,2024-10-15,event,Pro,1178,14136,235.6,21.4,71,297,10.607142857142858,7,40,84,1
A-054577,Company_455,EdTech,UK,2024-04-28,ads,Basic,44601,535212,2787.5625,30.6875,242,833,9.8,1,46,70,0
A-bc87bc,Company_456,FinTech,US,2024-07-17,event,Pro,12032,144384,1504.0,12.625,111,394,10.944444444444445,7,40,112,0
A-0f7d77,Company_457,FinTech,IN,2024-10-28,partner,Pro,2326,27912,387.6666666666667,6.166666666666667,50,298,9.933333333333334,5,27,74,1
A-e7beab,Company_458,EdTech,DE,2023-10-20,organic,Enterprise,11332,135984,1618.857142857143,25.142857142857142,435,373,10.36111111111111,6,36,124,1
A-a09355,Company_459,FinTech,US,2024-08-10,organic,Basic,34140,409680,2133.75,17.75,131,788,10.102564102564102,5,32,66,1
A-31ab9a,Company_460,FinTech,DE,2024-03-03,organic,Pro,15802,189624,2257.4285714285716,23.857142857142858,283,340,10.0,7,43,67,1
A-0158bb,Company_461,FinTech,DE,2024-05-22,partner,Basic,4070,48840,678.3333333333334,25.833333333333332,215,364,10.11111111111111,1,32,50,0
A-f19b24,Company_462,Cybersecurity,US,2023-01-10,organic,Pro,2523,30276,841.0,29.0,289,119,9.916666666666666,2,35,74,0
A-798a3f,Company_463,DevTools,FR,2023-10-19,other,Enterprise,14152,169824,1572.4444444444443,19.11111111111111,372,352,9.513513513513514,5,33,45,1
A-42b791,Company_464,FinTech,AU,2024-05-20,event,Pro,19060,228720,2722.8571428571427,27.142857142857142,203,312,9.75,3,33,72,0
A-068fc6,Company_465,EdTech,US,2023-07-17,event,Enterprise,29085,349020,2908.5,35.0,430,598,10.135593220338983,5,38,121,0
A-6f50ae,Company_466,FinTech,US,2023-09-21,partner,Pro,26608,319296,1900.5714285714287,21.428571428571427,416,811,9.771084337349398,5,31,87,1
A-a2485e,Company_467,FinTech,US,2024-08-04,event,Pro,8775,105300,1462.5,22.5,145,317,11.321428571428571,0,0,0,0
A-bb1eaa,Company_468,Cybersecurity,US,2024-06-11,organic,Basic,10381,124572,2076.2,21.8,184,164,9.647058823529411,6,23,92,1
A-cc98bc,Company_469,DevTools,US,2023-05-24,ads,Basic,21567,258804,2156.7,36.7,584,551,10.39622641509434,3,4,122,0
A-d77f4c,Company_470,DevTools,US,2023-09-25,partner,Pro,48726,584712,3480.4285714285716,23.928571428571427,434,617,9.951612903225806,2,31,75,1
A-ccabf0,Company_471,HealthTech,IN,2023-11-06,organic,Pro,22379,268548,2237.9,18.6,420,506,10.12,4,46,89,1
A-700ade,Company_472,Cybersecurity,UK,2024-10-31,organic,Enterprise,16875,202500,2109.375,20.625,54,284,9.793103448275861,4,30,53,0
A-4a4c2d,Company_473,DevTools,US,2023-05-02,event,Enterprise,33966,407592,2612.769230769231,54.0,547,587,9.94915254237288,5,42,104,0
A-b7ef83,Company_474,Cybersecurity,UK,2024-05-29,partner,Pro,35868,430416,2391.2,20.8,202,738,10.25,2,47,79,1
A-e08cd3,Company_475,FinTech,US,2024-09-21,ads,Pro,71020,852240,6456.363636363636,67.0,92,432,10.046511627906977,8,30,93,1
A-19b2c8,Company_476,DevTools,IN,2023-06-06,other,Pro,26703,320436,2054.076923076923,22.076923076923077,561,601,9.53968253968254,3,29,90,1
A-970c97,Company_477,HealthTech,DE,2024-03-01,other,Enterprise,15381,184572,1922.625,19.875,300,444,10.090909090909092,1,61,139,0
A-6dee43,Company_478,FinTech,UK,2023-08-12,other,Basic,22770,273240,2070.0,25.545454545454547,436,461,9.604166666666666,5,44,48,1
A-5ed98d,Company_479,DevTools,US,2024-06-22,partner,Basic,15478,185736,1934.75,30.0,186,312,9.75,5,35,91,1
A-c58f49,Company_480,EdTech,US,2024-07-31,other,Enterprise,70980,851760,10140.0,70.0,143,363,9.552631578947368,3,36,60,1
A-9c18c4,Company_481,HealthTech,US,2023-07-27,ads,Pro,17823,213876,1782.3,12.8,510,556,9.928571428571429,4,42,130,0
A-cc8c8f,Company_482,DevTools,US,2024-06-16,ads,Enterprise,15600,187200,2228.5714285714284,27.285714285714285,193,268,9.571428571428571,2,14,123,1
A-5f7781,Company_483,DevTools,US,2024-08-20,other,Pro,10252,123024,2050.4,34.6,126,183,10.166666666666666,2,28,42,1
A-e1b9cd,Company_484,DevTools,US,2023-02-26,event,Pro,37042,444504,2469.4666666666667,46.53333333333333,651,840,10.5,1,35,115,1
A-ac85cd,Company_485,EdTech,US,2024-07-31,partner,Enterprise,41267,495204,3438.9166666666665,56.333333333333336,151,634,10.063492063492063,3,33,76,1
A-d792a6,Company_486,DevTools,US,2023-01-23,organic,Enterprise,23049,276588,1536.6,18.733333333333334,694,690,10.147058823529411,5,40,97,1
A-ac9111,Company_487,HealthTech,US,2023-08-12,event,Pro,26626,319512,1664.125,26.625,482,808,9.734939759036145,3,24,89,1
A-18793f,Company_488,EdTech,US,2024-12-18,organic,Basic,78588,943056,7144.363636363636,148.0,12,486,10.125,5,45,101,1
A-9f0b68,Company_489,EdTech,US,2024-04-28,ads,Basic,28518,342216,2376.5,20.0,228,709,10.128571428571428,3,30,96,1
A-d3c88e,Company_490,DevTools,US,2024-10-18,event,Pro,26183,314196,2014.076923076923,19.923076923076923,69,644,10.0625,3,58,48,1
A-ccb686,Company_491,DevTools,US,2024-01-22,other,Basic,21541,258492,1795.0833333333333,22.916666666666668,333,721,10.3,1,67,30,1
A-118f1c,Company_492,Cybersecurity,US,2024-10-31,other,Pro,52160,625920,6520.0,44.0,61,369,9.710526315789474,1,64,141,1
A-0e966d,Company_493,FinTech,IN,2024-06-25,ads,Basic,12445,149340,1131.3636363636363,23.636363636363637,184,636,9.9375,3,31,95,0
A-b9f5b1,Company_494,Cybersecurity,US,2023-01-24,other,Pro,7072,84864,1010.2857142857143,26.285714285714285,660,307,10.233333333333333,6,31,75,1
A-8ae3fc,Company_495,DevTools,CA,2024-06-28,ads,Pro,4447,53364,555.875,27.625,167,402,10.307692307692308,4,39,65,1
A-55f257,Company_496,FinTech,US,2023-12-21,organic,Basic,12137,145644,1213.7,18.8,354,476,8.981132075471699,6,43,114,0
A-d26ab4,Company_497,DevTools,UK,2024-11-07,organic,Basic,16613,199356,1845.888888888889,22.444444444444443,53,458,9.956521739130435,2,49,110,1
A-712533,Company_498,EdTech,US,2023-07-31,organic,Pro,19382,232584,1615.1666666666667,28.416666666666668,506,571,10.381818181818181,5,37,97,1
A-781cc0,Company_499,EdTech,US,2024-09-04,organic,Pro,18315,219780,1144.6875,16.5625,118,864,9.931034482758621,4,57,106,1
